feature,iv,strength
checking_status,0.6092589059819219,suspicious
duration,0.29309894473418424,medium
credit_history,0.2624381425714343,medium
savings_status,0.21412808111683695,medium
purpose,0.14989477120666098,medium
property_magnitude,0.14517526506610057,medium
employment,0.12416502390910762,medium
age,0.09331846726775421,weak
other_payment_plans,0.09104971189346579,weak
housing,0.08870958653958247,weak
credit_amount,0.08702250129233598,weak
personal_status,0.05774622379333441,weak
foreign_worker,0.04679037335602607,weak
other_parties,0.025197941824067482,weak
installment_commitment,0.024329484179629345,weak
job,0.012296068000124184,useless
existing_credits,0.01062103744124832,useless
own_telephone,0.008187777357164727,useless
residence_since,0.0007623182764838703,useless
num_dependents,0.0,useless
