feature,psi,level
age,4.242254635957695,significant
duration,3.140589487074763,significant
credit_amount,0.4969520099687865,significant
purpose,0.07271677135909246,stable
employment,0.04768507597661399,stable
savings_status,0.03702200212112905,stable
personal_status,0.026265309484155015,stable
other_parties,0.01585609747135062,stable
installment_commitment,0.014442828605626831,stable
residence_since,0.013844797196668899,stable
credit_history,0.013832780703914275,stable
job,0.010855634486814062,stable
existing_credits,0.0032885650989831175,stable
foreign_worker,0.002318705592129284,stable
other_payment_plans,0.002143911351841414,stable
property_magnitude,0.0008716763482318046,stable
own_telephone,0.0005270970535291773,stable
checking_status,0.0005041187163474321,stable
housing,0.00020708475677323383,stable
num_dependents,0.0,stable
