feature,importance,method
checking_status,1.3001245100625403,shap_mean_abs
duration,0.7054299124232688,shap_mean_abs
purpose,0.5990698274503786,shap_mean_abs
credit_history,0.5589868494106508,shap_mean_abs
credit_amount,0.4482224748294123,shap_mean_abs
savings_status,0.4184050718478162,shap_mean_abs
employment,0.4055726471142828,shap_mean_abs
property_magnitude,0.3685783540179709,shap_mean_abs
other_payment_plans,0.36368565948481973,shap_mean_abs
age,0.35482980915062845,shap_mean_abs
installment_commitment,0.31164459115508836,shap_mean_abs
personal_status,0.28067492017365053,shap_mean_abs
job,0.18737902540811402,shap_mean_abs
own_telephone,0.15080564400030771,shap_mean_abs
residence_since,0.1486055205766804,shap_mean_abs
existing_credits,0.13922373294580714,shap_mean_abs
housing,0.1310242917524415,shap_mean_abs
other_parties,0.10168442171409618,shap_mean_abs
foreign_worker,0.05379426774662481,shap_mean_abs
num_dependents,0.0,shap_mean_abs
