threshold,n_approved,approval_rate,bad_rate_approved,n_rejected,bad_rate_rejected
0.08582678918852958,20,0.1,0.0,180,0.3333333333333333
0.15814485845221848,40,0.2,0.075,160,0.35625
0.22665490103815011,60,0.3,0.08333333333333333,140,0.39285714285714285
0.3145919379281455,80,0.4,0.125,120,0.4166666666666667
0.4246437949931938,100,0.5,0.11,100,0.49
0.5063200128288048,120,0.6,0.125,80,0.5625
0.6196420549227671,140,0.7,0.16428571428571428,60,0.6166666666666667
0.6964723755930144,160,0.8,0.20625,40,0.675
0.8478348112000319,180,0.9,0.25,20,0.75
